title,homepage_url,is_public,is_hidden_in_reading_list,profile_type,profile_user_name,profile_user_image_url,feed_url
fruslerías,http://drunkula.blogspot.com/,true,false,PEOPLESENSE,javier gutiérrez,,
.,http://testamento-isa.blogspot.com/,true,false,PEOPLESENSE,javier gutiérrez,,
La vista desde una colina,http://dtopete.blogspot.com/,true,false,PEOPLESENSE,javier gutiérrez,,
FileMaker Calculations Explored By Dwayne Wright,http://dwaynewright.blogspot.com/,true,false,PEOPLESENSE,javier gutiérrez,,
Lo que las Chicas hacen,http://hulechick.blogspot.com/,true,false,PEOPLESENSE,javier gutiérrez,,
.: mandalas trip :.,http://mandalastrip.blogspot.com/,true,false,PEOPLESENSE,javier gutiérrez,,
Blog de Gibran Gonzalez,http://gibrangt.blogspot.com/,true,false,PEOPLESENSE,javier gutiérrez,,http://gibrangt.blogspot.com/feeds/posts/default
ॐCOMBINEDॐFORCESॐ,http://cfunr.blogspot.com/,true,false,PEOPLESENSE,javier gutiérrez,,http://combin3dforc3s.blogspot.com/feeds/posts/default
cheats09,http://cheats098.blogspot.com/,true,false,PEOPLESENSE,javier gutiérrez,,
Fullon-Generation,http://fullon-generation.blogspot.com/,true,false,PEOPLESENSE,javier gutiérrez,,
Filemaker Magic,http://filemakermagic.blogspot.com/,true,false,PEOPLESENSE,javier gutiérrez,,
Psychedelic Cosmos,http://psychedeliccosmos.blogspot.com/,true,false,PEOPLESENSE,javier gutiérrez,,
Electronic-Box,http://electronic-box.blogspot.com/,true,false,PEOPLESENSE,javier gutiérrez,,http://electronic-box.blogspot.com/feeds/posts/default
psytrance-il,http://psytrance-il.blogspot.com/,true,false,PEOPLESENSE,javier gutiérrez,,http://psytrance-il.blogspot.com/feeds/posts/default
PsyTrance Music Download,http://psynew.blogspot.com/,true,false,PEOPLESENSE,javier gutiérrez,,http://psynew.blogspot.com/feeds/posts/default
.,http://psyexperiencedravszoo.blogspot.com/,true,false,PEOPLESENSE,javier gutiérrez,,http://psyexperiencedravszoo.blogspot.com/feeds/posts/default
☷ΛђЯp∑ĢเỒƯẕ ḊЯΔĞÖŋ ₣Ľע☷ ۞●•₥Ưṡίc•●۞,http://psydrakodelic.blogspot.com/,true,false,PEOPLESENSE,javier gutiérrez,,http://psydrakodelic.blogspot.com/feeds/posts/default
